Actual,Predicted,Churn Probability
0,0,0.005
0,0,0.075
1,1,0.967828431372549
0,0,0.055
0,0,0.1074136400322841
0,0,0.125
0,0,0.05
0,0,0.36252183943603405
0,0,0.14875
0,0,0.015
0,0,0.3002965477469154
1,1,0.8173296356421355
0,0,0.005
0,0,0.09
0,0,0.05
0,0,0.11650793650793652
1,1,0.969161331196141
0,0,0.025
1,1,0.7984022556390977
1,1,0.6954166666666667
0,0,0.035
0,0,0.0
0,0,0.14856556866053963
0,0,0.3454469021982516
0,1,0.5547829895858435
0,0,0.015
0,0,0.025
0,0,0.04
1,1,0.8313368443905657
1,1,0.8067857142857143
0,0,0.13966666666666666
1,1,0.9748896134191459
1,1,0.64
0,0,0.085
0,0,0.04
0,0,0.075
0,0,0.14425925925925925
0,0,0.12057240020340707
0,0,0.0
0,0,0.0
1,1,0.7638690476190476
0,0,0.0
0,0,0.02
0,0,0.0
0,0,0.16956521739130437
0,0,0.125
0,0,0.075
1,1,0.78
1,1,0.9306759269533919
0,0,0.3862958042010696
0,0,0.09
0,0,0.02
1,1,0.9479100641656366
0,0,0.0
0,0,0.17
1,1,0.9333452380952382
0,0,0.11
0,0,0.24792801989676988
1,1,0.8768584529505581
0,0,0.2979113392646002
1,1,0.945
0,0,0.02
0,0,0.3068869047619048
1,1,0.695
0,0,0.0
0,0,0.23202509337068158
1,1,0.7926190476190476
0,0,0.0
0,0,0.0
0,0,0.01
0,0,0.3348272842294581
0,0,0.005
1,1,0.9393872291740449
0,0,0.0
1,1,0.7585607142857143
0,0,0.0
0,0,0.02
0,0,0.005
0,0,0.03
0,0,0.145
0,0,0.17
0,0,0.20361447443988798
1,1,0.7519444444444444
1,1,0.8761153411080513
0,0,0.3837043163827474
0,0,0.105
0,0,0.005
1,1,0.725
0,0,0.0
0,0,0.0
0,0,0.0990952380952381
0,0,0.035
1,1,0.8987792397660818
0,0,0.025
0,0,0.27206686218371007
0,0,0.0
0,0,0.035
0,0,0.165
0,0,0.155
0,0,0.02
0,0,0.005
1,1,0.7358333333333335
0,0,0.08
1,1,0.8333800770308122
0,0,0.23175974025974025
0,0,0.04
1,1,0.8013457556935819
0,0,0.035
0,0,0.47720079549765154
0,0,0.015
0,0,0.09
0,0,0.015
0,0,0.0
0,0,0.3407059829059829
0,0,0.0
0,0,0.23879098982790192
0,0,0.005
0,0,0.01
1,1,0.745
0,0,0.0
0,0,0.14681818181818182
1,1,0.8833647524909807
0,0,0.0925
0,0,0.0
0,0,0.03
1,1,0.785
0,0,0.025
0,0,0.035
0,0,0.04
0,0,0.01
0,0,0.07
1,1,0.9206269841269841
0,0,0.025
1,1,0.7316666666666667
1,1,0.944642788214034
0,0,0.175
0,0,0.01
1,1,0.9714492541738297
0,0,0.11
0,0,0.04642857142857142
0,0,0.0
0,0,0.045
0,0,0.1370478017293874
0,0,0.09
1,1,0.8446208165506311
0,0,0.025
0,0,0.0
0,0,0.361104328332409
1,1,0.7637703885691058
1,1,0.8999983598357048
0,0,0.0
0,0,0.3532677568286834
0,0,0.02
0,0,0.0
1,1,0.8948107969461552
0,0,0.025
0,0,0.185
0,0,0.1610714285714286
1,1,0.815
1,1,0.69
0,0,0.12875
0,0,0.105
0,0,0.0025
0,0,0.22
0,0,0.06555555555555555
0,0,0.02
1,1,0.905
1,1,0.7991666666666666
1,1,0.965391115356299
0,0,0.18
1,1,0.8981529743039992
0,0,0.045
0,1,0.513072796798118
0,0,0.005
0,0,0.23083333333333336
1,1,0.813643648018648
0,0,0.075
1,1,0.8969597162097164
0,0,0.04
0,0,0.045
1,1,0.7938733814955607
1,1,0.8773717948717948
0,0,0.01
0,0,0.27896849449570044
0,0,0.135
0,0,0.015
0,0,0.02
0,0,0.1564231601731602
0,0,0.02
1,1,0.9024992866269033
1,1,0.7813759018759021
0,0,0.26
0,0,0.21
0,0,0.01
0,0,0.035
0,0,0.08
0,0,0.02
0,0,0.08
1,1,0.8712827707873291
0,0,0.0
0,0,0.09
0,0,0.08
0,0,0.11
0,0,0.06
1,1,0.9076248832866479
0,0,0.375152381216918
0,0,0.005
0,0,0.03
1,1,0.9064125993891543
0,0,0.08
0,0,0.005
0,0,0.0
0,0,0.035
1,1,0.9504965955097535
0,0,0.07
0,0,0.17318787878787878
0,0,0.0
0,0,0.23904494851553676
0,0,0.06
0,0,0.27835484332548005
1,1,0.7390648948090046
0,0,0.045
0,0,0.01
1,1,0.863607456140351
0,0,0.38737070265023044
0,0,0.07
1,1,0.7763466716241842
1,1,0.9059055601608793
0,0,0.0
0,0,0.08504166666666667
0,0,0.025
1,1,0.8966609444053136
0,0,0.07108695652173913
0,0,0.0
0,0,0.21394044482087957
0,1,0.5007129686818731
0,0,0.0725
0,0,0.02
0,0,0.005
0,0,0.166
0,0,0.0
0,0,0.1818007639136253
0,0,0.005
0,0,0.135
0,0,0.015
0,0,0.0525
0,0,0.035
0,0,0.0
0,0,0.0
0,0,0.125
0,0,0.26125
0,0,0.005
0,0,0.1589452495974235
1,1,0.9086183595802996
1,1,0.9437154000987892
0,0,0.2692502484864914
0,0,0.005
0,0,0.1434325396825397
0,0,0.06
0,0,0.02
0,0,0.0
1,1,0.8974417128384442
0,0,0.01
0,0,0.015
0,0,0.0629025808796801
0,0,0.0
1,1,0.9442036146663326
1,1,0.865
0,0,0.025
0,0,0.0
1,1,0.8691666666666668
0,0,0.035
0,0,0.005
0,0,0.035
0,0,0.042083333333333334
1,1,0.645
0,0,0.045
0,0,0.015
0,0,0.0
0,0,0.24571353541416563
1,1,0.87
0,0,0.03
0,0,0.3718363136298789
0,0,0.0
0,0,0.065
1,1,0.9147695247611837
0,0,0.0
1,1,0.8838503419280606
0,0,0.17333333333333337
0,0,0.25525
0,0,0.14400000000000002
1,1,0.694948474207316
1,1,0.8435524922945717
0,0,0.03
1,1,0.77875
0,0,0.025
0,0,0.075
0,0,0.025
0,0,0.035
1,1,0.9577130786735611
1,1,0.66
0,0,0.33849315937376756
0,0,0.075
0,1,0.6353347167142582
1,1,0.8721666666666666
1,1,0.72
0,0,0.125
1,1,0.8567808037939337
1,1,0.8423076923076923
0,0,0.07
1,1,0.79
0,0,0.015
1,1,0.8312600821242416
0,0,0.015
1,1,0.9467179661099806
0,0,0.0
0,0,0.01
0,0,0.19529712301587301
1,1,0.595
0,0,0.015
1,1,0.9713449691995522
0,0,0.065
0,0,0.18541752933057282
0,0,0.035
0,0,0.105
1,1,0.695
0,0,0.005
0,0,0.35027101638243363
0,0,0.005
0,0,0.025
1,1,0.775
0,0,0.035
0,0,0.0
1,1,0.8873239092749088
0,0,0.035
1,1,0.9616801594402964
1,1,0.645
0,0,0.05
0,0,0.02
0,0,0.0
0,0,0.1473790117928049
0,0,0.19125
1,1,0.9301850937741112
0,1,0.6350035622300578
0,0,0.06
0,0,0.04
0,0,0.005
0,0,0.045
1,1,0.71125
0,0,0.07
0,0,0.0
1,1,0.9274180120068108
0,1,0.5397763042253573
0,0,0.045
0,0,0.15
1,1,0.8574553230314835
1,1,0.8527532579189618
1,1,0.873072589514578
1,1,0.7623881118881118
0,0,0.165
1,1,0.7990147032497209
0,0,0.2325
0,0,0.0325
0,0,0.005
0,0,0.05
0,0,0.14
0,0,0.04625
0,0,0.045
0,0,0.095
0,0,0.02
0,0,0.15
1,1,0.9354355294198062
0,0,0.14
1,1,0.725
0,0,0.165
0,0,0.005
0,0,0.045
0,0,0.055
0,0,0.035
0,0,0.21833333333333332
0,0,0.005
0,0,0.075
0,0,0.205
0,0,0.10625
1,1,0.83375
1,1,0.701875
1,1,0.715
1,1,0.7780569954507587
0,0,0.03
0,0,0.02
1,1,0.8826041666666669
0,0,0.03
0,0,0.07043478260869565
0,0,0.0725
0,0,0.025
0,0,0.1602820512820513
0,0,0.15
0,0,0.04108695652173913
0,0,0.1197002923976608
0,0,0.175
1,1,0.66
0,0,0.1775
0,0,0.03
0,0,0.045
0,0,0.055
0,0,0.035
0,0,0.0
0,0,0.22639574314574312
0,0,0.0
1,1,0.8344860888192334
1,1,0.7
1,1,0.7725
1,1,0.71
0,0,0.08
0,0,0.16757936507936505
1,1,0.7919395131238415
1,1,0.8132068311195445
1,1,0.7781765873015871
0,0,0.015
0,0,0.09
0,0,0.12
0,0,0.11
1,1,0.9429799213253284
1,1,0.8560718781218781
0,0,0.0
0,0,0.13216994744386049
0,0,0.015
1,1,0.8011480361102311
1,1,0.9464948712013995
0,0,0.2169912961119407
1,1,0.8272499999999999
0,0,0.2674187314441744
0,0,0.07
1,1,0.62
1,1,0.9357658675293539
0,0,0.1
0,0,0.055
1,1,0.6627536231884058
0,0,0.005
0,0,0.06
1,1,0.8605899367213493
1,1,0.785
0,0,0.05
1,1,0.959005376019182
0,0,0.1
0,0,0.01
0,0,0.08
0,0,0.005
0,0,0.03
0,0,0.24178367465867467
0,0,0.005
1,1,0.8055303129364915
0,0,0.015
0,0,0.105
1,1,0.8656555829228243
0,0,0.1403888888888889
0,0,0.0
0,0,0.115
0,0,0.01
0,0,0.105
0,0,0.18933760683760684
0,0,0.075
1,1,0.8303982683982685
0,0,0.19520833333333332
0,0,0.09
0,0,0.045
0,0,0.091875
0,0,0.0
0,0,0.185
0,0,0.025
1,1,0.7404999999999999
0,0,0.13093894993894994
1,1,0.725
0,0,0.0
0,0,0.20305760123265684
1,1,0.9488453162352841
0,0,0.05
1,1,0.68
1,1,0.6994999999999999
0,0,0.2959751430486725
0,0,0.165
0,0,0.062431077694235594
0,0,0.01
0,0,0.14
0,0,0.13
0,0,0.085
0,0,0.015
0,0,0.0
0,0,0.02
0,0,0.28724285338429156
0,0,0.005
1,1,0.7
0,0,0.010833333333333332
1,1,0.705
0,0,0.03
0,0,0.29551770025839796
0,0,0.1375
0,0,0.08388345864661653
0,0,0.005
0,0,0.045
0,0,0.0
0,0,0.25562142857142856
0,0,0.025
0,0,0.055
1,1,0.78
0,0,0.01
0,0,0.15555555555555556
0,0,0.015
0,0,0.14233333333333334
0,0,0.045
0,0,0.01
0,0,0.055
0,0,0.08
0,0,0.0
0,0,0.40336845571862157
0,0,0.105
0,0,0.005
0,0,0.0975
1,1,0.8131225198412699
0,0,0.10166666666666668
0,0,0.005
1,1,0.9330264094798553
0,0,0.025
1,1,0.851952380952381
0,0,0.01
1,1,0.8481987276373053
0,0,0.03
1,1,0.9331090027602811
0,0,0.26106098579782794
0,0,0.12
0,0,0.02
0,0,0.0735
0,0,0.05
1,1,0.73
0,0,0.17313095238095236
0,0,0.015
1,1,0.8654489651591346
1,1,0.8870768768394147
1,1,0.8435944167763263
1,1,0.9496893214333791
0,0,0.05625
0,0,0.427571322223963
0,0,0.035
0,0,0.21765151515151515
1,1,0.835
0,0,0.21092471816894012
0,0,0.05125
1,1,0.7184999999999999
0,0,0.09
0,0,0.0
0,0,0.13883333333333334
0,0,0.22711683006535943
0,0,0.035
0,0,0.015
0,0,0.055
1,1,0.8194117647058823
0,0,0.0
0,0,0.499480259934987
0,0,0.23988324175824174
0,0,0.4329153799248939
0,0,0.16899999999999998
0,0,0.2827954545454545
0,0,0.01
0,0,0.09375
0,0,0.01
0,0,0.11419871794871796
0,0,0.12
0,0,0.12
0,0,0.02
1,1,0.555
0,0,0.09866666666666667
1,1,0.8957935606060606
0,0,0.20978571428571427
0,0,0.02
1,1,0.84625
0,0,0.005
1,1,0.8500149326219111
0,0,0.19
1,1,0.8402916666666667
1,1,0.8928045689669297
1,1,0.8903166458072591
0,0,0.1
0,0,0.09625
0,0,0.105
1,1,0.8174019481431702
0,0,0.005
0,0,0.19
0,0,0.0
1,1,0.8243214285714285
0,0,0.3566048652450254
1,1,0.715
0,0,0.015
0,0,0.0
0,0,0.105
0,0,0.4586281078758272
0,0,0.11166666666666668
0,0,0.22678571428571426
0,0,0.24036206492166248
0,0,0.025
0,0,0.11
0,0,0.025
0,0,0.22728391053391056
0,0,0.2356149240717404
0,1,0.5067897906153808
0,0,0.01
1,1,0.8723907272025002
0,0,0.025
1,1,0.9157290372670807
0,0,0.015
1,1,0.7
1,1,0.8741959930691747
0,0,0.035
0,0,0.005
0,0,0.12166666666666666
0,0,0.005
1,1,0.705
0,0,0.005
1,1,0.866972209315849
0,0,0.3198692840305421
0,0,0.181625
0,0,0.06
1,1,0.74
1,1,0.7599059196321504
0,0,0.01
0,0,0.0
0,0,0.045
0,0,0.005
0,0,0.3266607850299406
0,0,0.10055555555555555
0,0,0.01
0,0,0.0
0,0,0.065
1,1,0.9666738042411283
1,1,0.8078219161855595
0,0,0.14674486166007908
0,0,0.0
1,1,0.8689005809005809
0,0,0.025
1,1,0.88
1,1,0.8503079778766227
0,0,0.07
0,0,0.085
1,1,0.9571781897623296
0,0,0.0
1,1,0.9120592454468762
0,0,0.055
0,0,0.015
0,0,0.005
0,0,0.0
0,0,0.005
0,0,0.005
0,0,0.0
0,0,0.01
0,0,0.125
1,1,0.8911538461538462
1,1,0.76
0,0,0.02
1,1,0.9784239130434783
0,0,0.04625
0,0,0.0
0,0,0.1101969696969697
0,0,0.08
0,0,0.0
1,1,0.9233333333333335
1,1,0.7901785714285714
0,0,0.19171193233152206
1,1,0.79
0,0,0.055
1,1,0.725
0,0,0.05
0,0,0.06
0,0,0.0
0,0,0.025
1,1,0.761719053892967
1,1,0.7383333333333334
0,0,0.01
1,1,0.8432204160617165
0,0,0.005
1,1,0.6791666666666667
1,1,0.9037387849079025
1,1,0.9502559176424217
1,1,0.8269281756545975
0,0,0.015
1,1,0.7878607456140351
0,0,0.01
0,0,0.15168478260869567
0,0,0.01
1,1,0.9293535732560122
0,0,0.18
0,0,0.025
1,1,0.6866666666666665
0,0,0.0
0,0,0.11353823952831874
1,1,0.8270888694638694
0,0,0.115
0,0,0.06
1,1,0.8983206066611192
0,0,0.035
1,1,0.7275
1,1,0.8391066784869976
0,0,0.1181111111111111
0,0,0.03
0,0,0.005
1,1,0.851375
0,0,0.08
0,0,0.0
0,0,0.08
1,1,0.7183333333333333
1,1,0.9518024750035653
0,0,0.005
1,1,0.7404999999999999
0,0,0.075
1,1,0.9648463084343778
0,0,0.19978815318524995
0,0,0.025
0,0,0.045
0,0,0.05
0,0,0.055
0,0,0.0784651121236487
0,0,0.24458333333333332
0,0,0.035
1,1,0.7775
1,1,0.7425
0,0,0.06
1,1,0.665
1,1,0.8512238586749646
0,0,0.11270833333333333
0,0,0.07
0,0,0.015
0,0,0.0
0,0,0.075
0,0,0.0
1,1,0.9026300637958532
1,1,0.8891247165532878
0,0,0.05
0,0,0.115
0,0,0.05
0,0,0.2175
0,0,0.0
1,1,0.81
0,0,0.0
0,0,0.31268279569892476
0,0,0.185
0,0,0.1
0,0,0.105
0,0,0.0
1,1,0.8562550677336885
1,1,0.6387167919799499
0,0,0.24166666666666667
1,1,0.8571272616098357
0,0,0.29428461066209755
0,0,0.09166666666666666
1,1,0.8285522663652695
1,1,0.9851080648064802
0,0,0.005
0,0,0.08
0,0,0.31756607622361044
0,0,0.005
0,0,0.01
0,0,0.005
0,0,0.04
0,0,0.3012687748666491
0,0,0.03108695652173913
0,0,0.065
0,0,0.0
0,0,0.035
1,1,0.8777753656087635
0,0,0.005
0,0,0.045
0,0,0.005
1,1,0.7725
0,0,0.01
1,1,0.7008333333333333
1,1,0.7771422030462307
1,1,0.8982142857142857
0,0,0.21274702380952376
0,0,0.3224145185186884
0,0,0.04041666666666666
0,0,0.16683736524912995
0,0,0.2124355158730159
0,0,0.0
0,0,0.305088761117795
0,0,0.07
0,0,0.11055555555555556
0,0,0.005
0,0,0.04
1,1,0.8335555555555555
0,0,0.0
0,0,0.0
1,1,0.8467848136644212
0,0,0.05333333333333334
0,0,0.005
0,0,0.01
0,0,0.0
0,0,0.21
0,0,0.05
0,0,0.15166666666666667
0,0,0.0
0,0,0.04
0,0,0.045
0,0,0.055
1,1,0.8642046468729409
0,0,0.055
0,0,0.015
0,0,0.06888888888888889
0,0,0.07
0,0,0.085
0,0,0.04
0,0,0.145
0,0,0.12954166666666667
0,0,0.024404761904761908
1,1,0.9213333333333332
0,0,0.24214144638068316
0,0,0.02
0,0,0.02
1,1,0.7608769841269841
0,0,0.21037877363864205
1,1,0.8819351300010113
0,0,0.035
0,0,0.035
0,0,0.21
0,0,0.02
0,0,0.47809400292015397
1,1,0.8240231673130018
1,1,0.89
0,0,0.0
0,0,0.025
0,0,0.3257068117068117
1,1,0.9598694420968426
0,0,0.0
1,1,0.8597913533834585
0,0,0.075
0,0,0.12764912280701754
1,1,0.9813430340221617
0,0,0.24
1,1,0.65
1,1,0.85
0,0,0.005
0,0,0.1225
0,0,0.065
1,1,0.78
0,0,0.25970238095238096
0,0,0.0
0,0,0.035
0,0,0.0
0,0,0.05
1,1,0.9040727124183008
1,1,0.81
1,1,0.9439207937335925
0,0,0.105
1,1,0.795
0,0,0.04
0,0,0.0
0,0,0.0825
0,0,0.055
1,1,0.9674024114688261
0,0,0.03
1,1,0.9793707686929267
0,0,0.025
0,0,0.29707808293815013
0,0,0.14883858543417366
0,0,0.06076923076923077
0,0,0.465737665405911
0,0,0.4658902957023343
0,0,0.01
0,0,0.06
1,1,0.8954835872171203
0,0,0.015
0,0,0.12833333333333333
1,1,0.715
0,0,0.0
0,0,0.04
1,1,0.7388888888888888
0,0,0.05608695652173913
1,1,0.8232634390435624
0,0,0.02
0,0,0.2754457668234758
1,1,0.9341161715421511
0,0,0.05
0,0,0.1
0,0,0.05
0,0,0.1075
0,0,0.0
0,0,0.085
1,1,0.785
0,0,0.045
0,0,0.09
0,0,0.015
0,0,0.24
0,0,0.02
0,0,0.065
0,0,0.20145833333333335
1,1,0.9525427786430849
0,0,0.045
0,0,0.07
0,0,0.30269098822324625
0,0,0.33961219110098084
0,0,0.035
0,0,0.0
0,0,0.37788688307792107
0,0,0.005
1,1,0.7367261904761904
0,0,0.21666666666666667
1,1,0.9352404015843024
0,0,0.04
1,1,0.9439966277186865
0,0,0.0475
0,0,0.17547619047619048
0,0,0.16994933829611247
0,0,0.0
0,0,0.085
0,0,0.02
0,0,0.12
0,0,0.005
0,0,0.075
1,1,0.835
0,0,0.20927156199788588
0,0,0.2818468262177937
0,0,0.219375
0,0,0.3050542717086835
0,0,0.0
1,1,0.8519061500094108
0,0,0.13
1,1,0.9000674801948249
0,0,0.05166666666666666
0,0,0.06
0,0,0.04
0,0,0.25141293452463376
1,1,0.805
1,1,0.9460972775930442
0,0,0.0
0,0,0.07
0,0,0.13875
0,0,0.23980555555555558
0,0,0.045
0,0,0.045
0,0,0.0
0,0,0.085
0,0,0.0
1,1,0.825
0,0,0.44951626050765897
1,1,0.6230416666666667
0,0,0.02
0,0,0.3461447094572094
0,0,0.035
1,1,0.7575
1,1,0.9441118421052631
0,0,0.14973684210526314
0,0,0.05
0,0,0.4011415844130615
1,1,0.7837954545454545
0,0,0.24
0,0,0.03
0,0,0.045
0,0,0.13602727272727272
0,0,0.2602083333333334
0,0,0.075
0,0,0.11847232839624146
0,0,0.095
1,1,0.7706315789473683
0,0,0.155
0,0,0.38599430663852646
1,1,0.795
0,0,0.14516666666666667
0,0,0.025
1,1,0.8275109839355053
0,0,0.02
0,0,0.05
0,0,0.046226190476190476
0,0,0.03
1,1,0.8311677029111241
0,0,0.01
1,1,0.8933232722357897
0,0,0.105
0,0,0.1229359857978279
0,0,0.02
0,0,0.09
0,0,0.005
1,1,0.8784868421052632
1,1,0.8655136237079905
0,0,0.02
1,1,0.8972540856856337
0,0,0.18602424123283762
1,1,0.675
0,0,0.02619047619047619
1,1,0.950285991458841
0,0,0.2725
1,1,0.9003433958813168
0,0,0.24062280701754385
0,0,0.08057936507936507
0,0,0.0
0,0,0.18862532107194707
0,0,0.45288846100368396
0,0,0.14400000000000002
0,0,0.0
0,0,0.005
0,0,0.01
1,1,0.62
0,0,0.075
0,0,0.23533170995670996
0,0,0.005
1,1,0.8718958333333333
1,1,0.73
0,0,0.185
0,0,0.054375
1,1,0.675
0,0,0.015
0,0,0.0
0,0,0.025
1,1,0.8283653846153846
1,1,0.7291666666666665
0,0,0.15
0,0,0.0
0,0,0.30013546798029556
0,0,0.27290403809745245
0,0,0.005
1,1,0.9150564706659662
1,1,0.914
0,0,0.0936155303030303
0,0,0.1704166666666667
0,0,0.075
0,0,0.0
1,1,0.8990577960342846
0,0,0.005
0,0,0.015
0,0,0.03
1,1,0.8975089869281047
0,0,0.19
1,1,0.6956199494949495
1,1,0.605
1,1,0.8219400339522632
0,1,0.5140993357599334
0,0,0.18518115942028984
0,0,0.0
1,1,0.805
1,1,0.6358333333333334
0,0,0.01
0,0,0.03
1,1,0.9015488891529221
0,0,0.075
1,1,0.7471428571428572
0,0,0.24880471264846268
0,0,0.04
0,0,0.005
0,0,0.105
0,0,0.14357142857142857
1,1,0.605
0,0,0.2547996506417559
0,0,0.26667358124966817
0,0,0.13
0,0,0.0
0,0,0.14287460679583971
0,0,0.145
1,1,0.9547379622977941
0,0,0.13
1,1,0.9416874871160585
1,1,0.74
0,0,0.085
0,0,0.0
0,0,0.0
0,0,0.1
1,1,0.87
0,0,0.04683333333333334
0,0,0.0
0,0,0.08791666666666668
0,0,0.065
1,1,0.8055213433550891
0,0,0.0
0,0,0.03
0,0,0.005
0,0,0.0
0,0,0.01
1,1,0.7820996119311444
0,0,0.165
1,1,0.775
0,0,0.4127713986648823
1,1,0.77
0,0,0.0
0,0,0.0
0,0,0.02
1,1,0.9155584179898786
0,0,0.15496336996336996
0,0,0.16325396825396826
0,0,0.025
1,1,0.9238776757725035
0,0,0.0
0,0,0.0
1,1,0.8016666666666667
1,1,0.9253470282405766
0,0,0.0
0,0,0.04066666666666666
0,0,0.01
0,0,0.0
0,0,0.16948599439775908
0,0,0.0
0,0,0.065
0,0,0.30963203463203465
0,0,0.11
0,0,0.1725
1,1,0.788717837183773
0,0,0.06
1,1,0.7794936114796797
0,0,0.025
1,1,0.7275
0,0,0.01
0,0,0.015
0,0,0.20253280269499738
0,0,0.22549999999999998
0,0,0.025
1,1,0.9268215199759604
0,0,0.19731717799109103
0,0,0.01
0,0,0.49805086855767433
1,1,0.9125792243552159
0,0,0.106875
0,0,0.075
0,0,0.04
0,0,0.01
0,0,0.115
0,0,0.01
0,0,0.065
1,1,0.9527579365079366
1,1,0.8467556791833124
0,0,0.045
1,1,0.9009403059188658
0,0,0.14
1,1,0.8397735885134194
0,0,0.09247222222222223
0,0,0.035
0,0,0.0
0,0,0.10727272727272727
0,0,0.0
1,1,0.615
0,1,0.6826720171487356
0,0,0.065
1,1,0.8905670879390226
0,0,0.105
1,1,0.8464285714285714
0,0,0.09552631578947368
0,0,0.12333333333333332
0,0,0.06
0,0,0.11057692307692309
0,0,0.18600000000000003
0,0,0.03
0,0,0.06625
1,1,0.9053743395493395
1,1,0.9636616960907404
0,0,0.06
0,0,0.03
0,0,0.0
0,0,0.0
1,1,0.724370096533653
1,1,0.8636046759417764
0,0,0.0
1,1,0.7939293213220248
0,0,0.0
1,1,0.9770433869560811
1,1,0.8271089598034684
1,1,0.645
0,0,0.2051439393939394
0,0,0.045
0,0,0.01608695652173913
0,0,0.0
1,1,0.8808387099344565
0,0,0.16866666666666666
1,1,0.9246195949644225
1,1,0.905
0,0,0.195
0,0,0.07625
0,0,0.19
0,0,0.22416125541125542
0,0,0.04
0,0,0.289336917562724
0,0,0.19056878861630058
0,0,0.31445968743899777
0,0,0.025
0,0,0.0
1,1,0.805
0,0,0.0
0,0,0.082926912568306
0,0,0.11
0,0,0.3328382499853088
0,0,0.06
0,0,0.045
0,0,0.0
0,0,0.085
1,1,0.8171019813519814
0,0,0.10358695652173915
1,1,0.8582281476693241
0,0,0.31197553996638044
0,0,0.0
0,0,0.10107142857142858
0,0,0.01
0,0,0.0
0,0,0.0
1,1,0.8663381120358458
1,1,0.8835714285714286
0,0,0.005
0,0,0.055
0,0,0.23817676862611073
0,0,0.0
1,1,0.9068299069429266
0,0,0.075
0,0,0.254047619047619
1,1,0.9687535014005602
1,1,0.7680061359012769
0,0,0.02
0,0,0.08
0,0,0.025
1,1,0.9
1,1,0.9447890432599114
1,1,0.8677857142857144
0,0,0.20644444444444446
1,1,0.7891170341592741
0,0,0.015
0,0,0.025
0,0,0.095
0,0,0.0
0,0,0.085
0,0,0.045
0,0,0.145
1,1,0.8232403846153845
0,0,0.12
0,0,0.0
0,0,0.040769230769230766
1,1,0.9779781855308113
0,0,0.125
0,0,0.01
0,0,0.2812067026540711
0,0,0.025
0,0,0.03
0,0,0.1
0,0,0.15266666666666664
1,1,0.6910412887377173
1,1,0.8630630297708431
0,0,0.0
0,0,0.005
0,0,0.15
0,0,0.0
0,0,0.2857684831239676
1,1,0.7845238095238095
0,0,0.0975
0,0,0.10125
0,0,0.035
1,1,0.87
0,0,0.10714285714285714
1,1,0.734090909090909
1,1,0.8252938827789268
1,1,0.825
0,0,0.1075
1,1,0.8186038961038962
0,0,0.03
0,0,0.2861810064935065
0,0,0.13768814192343604
0,0,0.18825793650793654
0,0,0.49606869439327445
0,0,0.015
0,0,0.0
0,0,0.0
0,0,0.0
0,0,0.0
0,0,0.045
0,0,0.11555555555555555
1,1,0.926398953111555
1,1,0.9288331131606705
0,0,0.045
1,1,0.8519484452589446
0,0,0.015
1,1,0.9238891121520066
0,0,0.11833333333333332
0,0,0.43301511857763414
0,0,0.09
1,1,0.863
0,0,0.0
1,1,0.9637424733300562
0,0,0.115
0,0,0.47046413876847276
0,1,0.5468269181767614
0,0,0.05
1,1,0.8496636034218875
1,1,0.901761207646921
0,0,0.076875
0,0,0.12
0,0,0.01625
0,0,0.083
0,0,0.3525661233279266
0,0,0.005
0,0,0.03
0,0,0.3097743347338936
0,0,0.145
0,0,0.0
0,0,0.06125
0,0,0.26
0,0,0.06
0,0,0.47858271290499543
0,0,0.025
1,1,0.8884216180279104
0,0,0.01
1,1,0.9073866629605153
1,1,0.7870700992058072
0,0,0.1744736842105263
1,1,0.9256346058743756
0,0,0.02
0,0,0.2915861792345183
0,0,0.045
0,0,0.10377859477124182
1,1,0.8683916083916084
0,0,0.245
1,1,0.76
0,0,0.05916666666666666
0,0,0.12444444444444444
1,1,0.91
0,0,0.38770081682696933
0,0,0.0
1,1,0.6781458333333333
0,0,0.005
0,0,0.18
0,0,0.09
1,1,0.67
0,0,0.025
0,0,0.1881133540372671
0,0,0.08
0,0,0.085
0,0,0.0
1,1,0.7632629134150872
0,0,0.04
0,0,0.09
0,0,0.055
1,1,0.7783333333333334
0,0,0.025
0,0,0.01
0,0,0.06729166666666667
0,0,0.0
1,1,0.9247619047619047
0,0,0.39332404066651805
0,0,0.16
0,0,0.095
0,0,0.0
1,1,0.7214242957243947
1,1,0.685
0,0,0.005
0,0,0.28099236765791136
0,0,0.105
0,0,0.11
1,1,0.9047242751321931
1,1,0.6809999999999999
0,0,0.03625
0,0,0.035
0,0,0.055
0,0,0.22236315755967456
0,0,0.17495299145299145
0,0,0.3626084074213944
0,0,0.20333333333333337
0,0,0.055
0,0,0.21042729591836737
1,1,0.7425
0,0,0.2578611111111111
0,0,0.025
0,0,0.11079149145361399
0,0,0.21666666666666667
0,0,0.24833333333333335
1,1,0.9062633455160184
0,0,0.197390522875817
0,0,0.015
0,0,0.0
0,0,0.025
0,0,0.105
0,0,0.0875
1,1,0.7963782913165265
0,0,0.13898250288936712
0,0,0.0
0,0,0.0825
1,1,0.7592592592592592
1,1,0.7551058823529411
0,0,0.01
0,0,0.02
1,1,0.9089312324250609
0,0,0.035
0,0,0.005
0,0,0.33095394882894896
0,0,0.1075
1,1,0.68
0,0,0.005
1,1,0.9633710763075217
0,0,0.02333333333333333
0,0,0.035
0,0,0.035
0,0,0.25299996221570725
0,0,0.1988888888888889
0,0,0.02
0,0,0.045
0,0,0.06608695652173913
0,0,0.13
1,1,0.6819642857142857
0,0,0.0
0,0,0.1025
0,0,0.14
0,0,0.1
0,0,0.12363690476190475
0,0,0.005
0,0,0.03
1,1,0.7447721815599345
0,0,0.17051470588235293
0,0,0.4234723409736887
0,0,0.035
0,0,0.115
0,0,0.0
